{
  "generatedAt": "2026-06-12T00:13:53.083579Z",
  "matchCount": 5678,
  "teamCount": 261,
  "homeAdvantageGoals": 0.28,
  "fifaBlendWeight": 0.25,
  "eloBlendWeight": 0.45,
  "mlBlendWeight": 0.55,
  "maxGoals": 8,
  "dixonColesRho": -0.01,
  "scorerHalfLifeDays": 365,
  "systemMetrics": {
    "poissonAccuracy": 0.5857,
    "mlAccuracyHoldout": 0.6268,
    "combinedAccuracy": 0.6197,
    "holdoutSize": 852
  },
  "ml": {
    "type": "multinomial_with_draw_calibration",
    "featureNames": [
      "eloOverallDiff",
      "eloOffenseDiff",
      "eloDefenseDiff",
      "absEloOverallDiff",
      "isHome",
      "venueAdvantage",
      "homeForm",
      "awayForm",
      "h2hHomeRate",
      "homeDaysSinceNorm",
      "awayDaysSinceNorm",
      "restDaysDiffNorm",
      "fifaPointsDiff",
      "expectedGoalDiff",
      "closeMatchIndicator"
    ],
    "classes": [
      "home_win",
      "draw",
      "away_win"
    ],
    "accuracy": 0.5888,
    "accuracyStd": 0.0176,
    "holdoutAccuracy": 0.6268,
    "cvFolds": 5,
    "drawBlendWeight": 0.35,
    "scalerMean": [
      10.548400600063665,
      12.410670444999042,
      4.811921617411808,
      76.23641020778739,
      0.6599154631912645,
      0.006833665869863406,
      0.51193055066338,
      0.4892685217799697,
      0.5036121035240444,
      0.3090426989158964,
      0.31946694845603124,
      -0.010424249540135414,
      37.09687918281086,
      0.3053689495867585,
      0.6306798168369144
    ],
    "scalerScale": [
      103.12944264126881,
      134.55677666060765,
      122.06970926210577,
      70.24927368555593,
      0.47373731606485747,
      0.03442679612085273,
      0.25289150571994634,
      0.24778177601863263,
      0.26813184552071345,
      0.35854071243499697,
      0.36646258689444305,
      0.24227672938885836,
      284.17462297036417,
      0.5139604268924355,
      0.4826207470379627
    ],
    "outcomeModel": {
      "coefficients": [
        [
          -0.07839895174149818,
          0.06542257982324184,
          -0.001133563788520038,
          0.026605683386423044,
          0.11579641184450022,
          0.0005180022076010198,
          0.07150934001626115,
          -0.07841276501316084,
          0.04131396439337084,
          -0.0006344913028997563,
          -0.02025372011943762,
          0.029696371267594147,
          0.8623893510942173,
          0.018592370320080223,
          -0.02364279968932645
        ],
        [
          -0.09161571091135699,
          0.12435908679223753,
          0.01204216492571839,
          0.028180166806329645,
          -0.0011525091625058006,
          0.04940902409582598,
          0.030745427847971997,
          0.040502310805122656,
          0.010144408103041465,
          -0.006659676274512593,
          0.006222206658607629,
          -0.01926710434027363,
          0.0005478547212299908,
          0.0016975932930286411,
          0.07183988921963871
        ],
        [
          0.17001466265285478,
          -0.1897816666154789,
          -0.010908601137197556,
          -0.054785850192752325,
          -0.11464390268199463,
          -0.04992702630342741,
          -0.10225476786423335,
          0.03791045420803904,
          -0.05145837249641244,
          0.0072941675774120755,
          0.014031513460829655,
          -0.010429266927320269,
          -0.8629372058154462,
          -0.02028996361310807,
          -0.048197089530312785
        ]
      ],
      "intercepts": [
        0.4297844040532919,
        -0.126142421066613,
        -0.3036419829866796
      ]
    },
    "drawModel": {
      "coefficients": [
        -0.13673933284494813,
        0.1322793855493605,
        -0.015348384923454429,
        -0.1969300305131196,
        -0.05873653031270378,
        0.0553666904084414,
        0.044010829111234634,
        0.07384234391753941,
        -0.0010991109232162271,
        -0.005964344550293762,
        0.020132204624081714,
        -0.039278060896331284,
        -0.14585020962145476,
        0.08056297986420109,
        0.10898026439351619
      ],
      "intercept": -0.023370957116534242
    }
  }
}