{
  "generatedAt": "2026-06-11T09:28:45.407086Z",
  "matchCount": 5678,
  "teamCount": 261,
  "homeAdvantageGoals": 0.28,
  "eloBlendWeight": 0.6,
  "mlBlendWeight": 0.4,
  "maxGoals": 8,
  "dixonColesRho": -0.01,
  "ml": {
    "type": "multinomial_with_draw_calibration",
    "featureNames": [
      "eloOverallDiff",
      "eloOffenseDiff",
      "eloDefenseDiff",
      "absEloOverallDiff",
      "isHome",
      "venueAdvantage",
      "homeForm",
      "awayForm",
      "h2hHomeRate",
      "homeDaysSinceNorm",
      "awayDaysSinceNorm",
      "restDaysDiffNorm",
      "fifaPointsDiff",
      "expectedGoalDiff",
      "closeMatchIndicator"
    ],
    "classes": [
      "home_win",
      "draw",
      "away_win"
    ],
    "accuracy": 0.552,
    "accuracyStd": 0.0188,
    "holdoutAccuracy": 0.5786,
    "cvFolds": 5,
    "drawBlendWeight": 0.35,
    "scalerMean": [
      10.548400600063665,
      14.12849669596354,
      7.050203511035721,
      76.23641020778739,
      0.6599154631912645,
      0.006833665869863406,
      0.51193055066338,
      0.4892685217799697,
      0.5036121035240444,
      0.3090426989158964,
      0.31946694845603124,
      -0.010424249540135414,
      8.905424445227192,
      0.3051557142152524,
      0.6125396266290948
    ],
    "scalerScale": [
      103.12944264126881,
      141.73191081412938,
      129.99230575128422,
      70.24927368555593,
      0.47373731606485747,
      0.03442679612085273,
      0.25289150571994634,
      0.24778177601863263,
      0.26813184552071345,
      0.35854071243499697,
      0.36646258689444305,
      0.24227672938885836,
      95.86375485581681,
      0.5428170846226966,
      0.48717022942520793
    ],
    "outcomeModel": {
      "coefficients": [
        [
          0.4166581815349252,
          0.1434891908447395,
          0.09431006995293566,
          0.001060529624371688,
          0.18340900794607537,
          -6.423221352130505e-05,
          0.08053408478736811,
          -0.09332725676997149,
          0.0841220963621084,
          0.009934867996694758,
          -0.004258356665941611,
          0.02114352072576054,
          0.18148767906602184,
          -0.16819315096362134,
          -0.02945387458810213
        ],
        [
          -0.10980111576375257,
          0.13460234115652495,
          0.01084069661829968,
          0.04238503527238673,
          -0.01132068304335552,
          0.05211569254720354,
          0.04623004547315092,
          0.05106662476815045,
          0.009182655296638784,
          -0.006276045655161652,
          0.008057080193847023,
          -0.02147476707421888,
          -0.02509037662987157,
          0.00333009521873352,
          0.049085279307412154
        ],
        [
          -0.3068570657711723,
          -0.27809153200126535,
          -0.10515076657123466,
          -0.04344556489675944,
          -0.17208832490272002,
          -0.05205146033368304,
          -0.1267641302605207,
          0.04226063200181943,
          -0.09330475165874602,
          -0.0036588223415330193,
          -0.0037987235279054996,
          0.00033124634845771444,
          -0.156397302436153,
          0.16486305574488797,
          -0.019631404719309173
        ]
      ],
      "intercepts": [
        0.4234694328693978,
        -0.2021771631908593,
        -0.22129226967853707
      ]
    },
    "drawModel": {
      "coefficients": [
        -0.22182293907934056,
        0.15293737770492985,
        -0.010332634734507738,
        -0.18872125108505772,
        -0.06038213877004338,
        0.06170335328932639,
        0.037938526265316394,
        0.08212323102991759,
        -0.005990494502802341,
        -0.007729209870697213,
        0.017345957437849165,
        -0.037675433672311395,
        -0.07543489202443635,
        0.06477624128343129,
        0.10229852792949977
      ],
      "intercept": -0.0204336081853875
    }
  }
}