{
  "generatedAt": "2026-06-11T07:50:52.442385Z",
  "matchCount": 5678,
  "teamCount": 261,
  "homeAdvantageGoals": 0.28,
  "eloBlendWeight": 0.65,
  "mlBlendWeight": 0.35,
  "maxGoals": 8,
  "ml": {
    "type": "logistic_regression",
    "featureNames": [
      "eloOverallDiff",
      "eloOffenseDiff",
      "eloDefenseDiff",
      "isHome",
      "venueAdvantage",
      "homeForm",
      "awayForm",
      "h2hHomeRate"
    ],
    "classes": [
      "home_win",
      "draw",
      "away_win"
    ],
    "accuracy": 0.5763,
    "scalerMean": [
      10.123318833308003,
      13.60653272625395,
      7.452407409890723,
      0.6601740571902196,
      0.006996137637150402,
      0.5080829534466097,
      0.4882960353640021,
      0.5351046990836672
    ],
    "scalerScale": [
      96.92399411484345,
      132.8653263008,
      121.60942526994198,
      0.4736499460606045,
      0.035300904797233947,
      0.25301045343125284,
      0.24857280330058731,
      0.25607228881430416
    ],
    "coefficients": [
      [
        0.46567971023575344,
        0.05876265236943624,
        0.01403110708560861,
        0.13460020653023122,
        -0.00020706166005863755,
        0.09821648361675625,
        -0.08566449761585967,
        -0.03278291401168645
      ],
      [
        -0.08585569515030815,
        0.11780029842356088,
        -0.010763833900915697,
        -0.012980955600769199,
        0.046371897256878715,
        0.02504945577418327,
        0.044623297723036165,
        -0.014078951837935784
      ],
      [
        -0.3798240150854458,
        -0.1765629507929972,
        -0.0032672731846928884,
        -0.1216192509294625,
        -0.046164835596819956,
        -0.1232659393909394,
        0.04104119989282366,
        0.04686186584962196
      ]
    ],
    "intercepts": [
      0.42753999663948306,
      -0.22306040383862852,
      -0.2044795928008511
    ]
  }
}