{
  "generatedAt": "2026-06-12T01:23:48.684723Z",
  "matchCount": 5678,
  "teamCount": 261,
  "homeAdvantageGoals": 0.28,
  "fifaBlendWeight": 0.3,
  "eloBlendWeight": 0.45,
  "mlBlendWeight": 0.55,
  "maxGoals": 8,
  "dixonColesRho": -0.01,
  "scorerHalfLifeDays": 365,
  "systemMetrics": {
    "poissonAccuracy": 0.5939,
    "mlAccuracyHoldout": 0.6197,
    "combinedAccuracy": 0.6209,
    "holdoutSize": 852
  },
  "ml": {
    "type": "multinomial_with_draw_calibration",
    "featureNames": [
      "eloOverallDiff",
      "eloOffenseDiff",
      "eloDefenseDiff",
      "absEloOverallDiff",
      "isHome",
      "venueAdvantage",
      "homeForm",
      "awayForm",
      "formDiff",
      "h2hHomeRate",
      "homeFifaPoints",
      "awayFifaPoints",
      "fifaPointsDiff",
      "absFifaPointsDiff",
      "fifaEloBlendDiff",
      "blendedOffenseDiff",
      "blendedDefenseDiff",
      "expectedGoalDiff",
      "expectedGoalDiffFifaBlend",
      "closeMatchIndicator",
      "ratingAgreement",
      "fifaEloDisagreement"
    ],
    "classes": [
      "home_win",
      "draw",
      "away_win"
    ],
    "accuracy": 0.5808,
    "accuracyStd": 0.0173,
    "holdoutAccuracy": 0.6232,
    "holdoutLogLoss": 0.8388,
    "cvFolds": 5,
    "drawBlendWeight": 0.0,
    "candidateResults": {
      "multinomial_with_draw_calibration": {
        "cvAccuracy": 0.5808,
        "cvLogLoss": 0.9118,
        "holdoutAccuracy": 0.6232,
        "holdoutLogLoss": 0.8388,
        "drawBlendWeight": 0.0
      },
      "random_forest_with_draw_calibration": {
        "cvAccuracy": 0.5423,
        "cvLogLoss": 0.9341,
        "holdoutAccuracy": 0.5798,
        "holdoutLogLoss": 0.8552,
        "drawBlendWeight": 0.0
      }
    },
    "scalerMean": [
      10.548400600063665,
      12.410670444999042,
      4.811921617411808,
      76.23641020778739,
      0.6599154631912645,
      0.006833665869863406,
      0.51193055066338,
      0.4892685217799697,
      0.022662028883409634,
      0.5036121035240444,
      1333.2669091229318,
      1296.1700299401175,
      37.09687918281086,
      223.91644945403365,
      18.512944174887807,
      19.81653306634254,
      14.49740888703156,
      0.3053689495867585,
      0.3055302141851182,
      0.6306798168369144,
      0.7912997534343078,
      0.20870024656569214
    ],
    "scalerScale": [
      103.12944264126881,
      134.55677666060765,
      122.06970926210577,
      70.24927368555593,
      0.47373731606485747,
      0.03442679612085273,
      0.25289150571994634,
      0.24778177601863263,
      0.3322760485344537,
      0.26813184552071345,
      269.5540356615575,
      261.4687079643358,
      284.17462297036417,
      178.8653640293506,
      146.94291595674298,
      157.81545075634597,
      144.8149264463599,
      0.5139604268924355,
      0.5677988000836492,
      0.4826207470379627,
      0.40637969148211645,
      0.40637969148211645
    ],
    "outcomeModel": {
      "coefficients": [
        [
          -0.13398813650718178,
          -0.04378336912291774,
          -0.098506918501644,
          0.015506253559739705,
          0.11933635623540047,
          -0.001898819777619338,
          0.054153397236486815,
          -0.013616506350312706,
          0.051369505472701145,
          0.039702007491475476,
          0.1676531327816736,
          -0.2366054444917168,
          0.37672786289698906,
          0.045479375917039995,
          0.15274138319122676,
          0.17737810253576816,
          0.16365475901319967,
          0.08226379394686573,
          -0.09820910546484192,
          -0.026955125327624046,
          -0.0055142941797217855,
          0.005514294179722231
        ],
        [
          -0.0727808874764971,
          0.09783312936121713,
          0.012106785170125894,
          0.041038494616971906,
          0.007894011062718363,
          0.06089545287338879,
          -0.0031456731331356742,
          0.0017674437512423778,
          -0.003712137460040473,
          0.01333303970154469,
          0.060363504129126236,
          0.05877002816938683,
          0.0031836157738009776,
          -0.07417026127534346,
          -0.033908989597549635,
          0.06011000934588377,
          0.009017862300374558,
          -0.002112080518217568,
          -0.03927784230003905,
          0.07462299324821758,
          0.016689763338244814,
          -0.01668976333824139
        ],
        [
          0.206769023983673,
          -0.054049760238303934,
          0.0864001333315171,
          -0.05654474817671489,
          -0.12723036729811907,
          -0.05899663309576803,
          -0.051007724103351616,
          0.01184906259906968,
          -0.0476573680126583,
          -0.05303504719301427,
          -0.22801663691079974,
          0.17783541632233643,
          -0.3799114786707792,
          0.028690885358298994,
          -0.11883239359367916,
          -0.23748811188165336,
          -0.1726726213135727,
          -0.08015171342864663,
          0.13748694776487813,
          -0.04766786792059552,
          -0.01117546915852238,
          0.011175469158521726
        ]
      ],
      "intercepts": [
        0.44049027569924637,
        -0.1479976938435926,
        -0.2924925818556348
      ]
    },
    "drawModel": {
      "coefficients": [
        -0.11922094336457648,
        0.11749136462636373,
        0.005549698667470907,
        0.017748098699367637,
        0.02814993224892562,
        0.08245833829262662,
        -0.015938831906107533,
        0.003551214425447406,
        -0.014779041219408694,
        0.006780458305049642,
        0.12463036128409463,
        0.08273923417447457,
        0.04208995183138468,
        -0.44864534389099536,
        -0.03415179097145137,
        0.09286004826669951,
        0.028052936457792117,
        0.2393125015203567,
        -0.45650214044659077,
        0.14248785449769572,
        0.02218043040037026,
        -0.022180430400365974
      ],
      "intercept": -0.059987181207143615
    }
  }
}